Play,Expert,Team,Opponent,Hmcrt_adv,All Game Percentages,All Game Correct,Last 5 Percentages,Last 5 Correct,Last 10 Percentages,Last 10 Correct,Odds,Units,Payout,Profit,Name
K.Towns u21.5 Pts,gneiffer07,New York Knicks,Cleveland Cavaliers,1.0,1.0,1,1.0,1,1.0,1,-115,1.0,1.869565217391304,0.8695652173913042,K.Towns
O.Anunoby u20.5 Pts+Rebs+Ast,PropBetGuy,New York Knicks,Cleveland Cavaliers,1.0,1.0,1,1.0,1,1.0,1,-120,1.0,1.8333333333333333,0.8333333333333335,O.Anunoby
D.White o20.5 Pts+Rebs,the_degenerates,Boston Celtics,Milwaukee Bucks,1.0,1.0,1,1.0,1,1.0,1,-121,1.21,2.21,1.0,D.White
A.Black o8.5 Pts+Ast,ThePropfessor_,Orlando Magic,Indiana Pacers,1.0,1.0,1,1.0,1,1.0,1,-125,1.0,1.8,0.8,A.Black
K.Durant u3.5 Ast,TopShelfAction,Phoenix Suns,Los Angeles Lakers,1.0,0.6666666666666666,1,0.6666666666666666,1,0.6666666666666666,1,-120,1.4,2.566666666666667,1.166666666666667,K.Durant
J.Tatum o5.5 Ast,TopShelfAction,Boston Celtics,Milwaukee Bucks,1.0,0.6666666666666666,1,0.6666666666666666,1,0.6666666666666666,1,105,0.6,1.2299999999999998,0.6299999999999998,J.Tatum
J.Brown u3.5 Ast,TopShelfAction,Boston Celtics,Milwaukee Bucks,1.0,0.6666666666666666,1,0.6666666666666666,1,0.6666666666666666,1,-118,1.2,2.216949152542373,1.0169491525423726,J.Brown
D.Daniels u3.5 Ast,TopShelfAction,Atlanta Hawks,Washington Wizards,1.0,0.6666666666666666,1,0.6666666666666666,1,0.6666666666666666,1,118,1.3,2.834,1.5339999999999996,D.Daniels
G.Dick u13.5 Pts,Mjaybrxd,Toronto Raptors,Denver Nuggets,1.0,0.3333333333333333,0,0.3333333333333333,0,0.3333333333333333,0,-120,1.0,1.8333333333333333,0.8333333333333335,G.Dick
