,Play,Teams,Expert,Odds,Units,Payout,Net Units Record,name,opponent,hmcrt_adv,Profit,All Game Percentages,All Game Correct,Last 5 Percentages,Last 5 Correct,Last 10 Percentages,Last 10 Correct
2,T.Maxey o4.5 Ast,Philadelphia 76ers,SBK5065,110,1.0,2.1,19.198600000000003,T.Maxey,Phoenix Suns,0,1.1,0.35185185185185186,0,0.6,1,0.4,0
3,D.Sabonis u21.5 Pts,Sacramento Kings,SBK5065,-120,0.4,0.7333333333333334,19.198600000000003,D.Sabonis,Utah Jazz,1,0.33333333333333337,0.647887323943662,1,0.4,0,0.5,0
4,D.Sabonis u42.5 Pts+Rebs+Ast,Sacramento Kings,SBK5065,-108,0.3,0.5777777777777778,0,D.Sabonis,Utah Jazz,1,0.27777777777777785,0.6619718309859155,1,0.4,0,0.5,0
6,D.Sabonis u34.5 Pts+Rebs,Sacramento Kings,PropBetGuy,-115,1.15,2.1499999999999995,5.892199999999995,D.Sabonis,Utah Jazz,1,0.9999999999999996,0.647887323943662,1,0.4,0,0.5,0
7,D.Sabonis u42.5 Pts+Rebs+Ast,Sacramento Kings,JoeDellera,-105,1.0,1.9523809523809523,6.443499999999999,D.Sabonis,Utah Jazz,1,0.9523809523809523,0.6619718309859155,1,0.4,0,0.5,0
8,D.Sabonis u21.5 Pts,Sacramento Kings,PropBomb,-120,1.2,2.2,5.643099999999999,D.Sabonis,Utah Jazz,1,1.0000000000000002,0.647887323943662,1,0.4,0,0.5,0
10,J.Valanciunas o11.5 Rebs,New Orleans Pelicans,JoeDellera,-100,1.0,2.0,0,J.Valanciunas,Los Angeles Clippers,0,1.0,0.37142857142857144,0,0.8,1,0.6,1
