,Play,Expert,Name,Correct,Actual Value,Team,Opponent,Hmcrt_adv,All Game Percentages,All Game Correct,Last 5 Percentages,Last 5 Correct,Last 10 Percentages,Last 10 Correct,Odds,Units,Payout,Profit
0,J.Hawkins o12.5 Pts,therocketplays,J.Hawkins,N,4.0,New Orleans Pelicans,Golden State Warriors,0.0,1.0,1,1.0,1,1.0,1,-105,1.05,2.05,0.9999999999999998
1,J.Hawkins o12.5 Pts,FirefighterBets,J.Hawkins,N,4.0,New Orleans Pelicans,Golden State Warriors,0.0,1.0,1,1.0,1,1.0,1,-110,1.0,1.9090909090909087,0.9090909090909092
2,N.Reid o11.5 Pts,Mjaybrxd,N.Reid,Y,14.0,Minnesota Timberwolves,Dallas Mavericks,1.0,0.6666666666666666,1,0.6666666666666666,1,0.6666666666666666,1,-120,0.83,1.5216666666666667,0.6916666666666668
3,N.Reid o11.5 Pts,sandyplashkes,N.Reid,Y,14.0,Minnesota Timberwolves,Dallas Mavericks,1.0,0.6666666666666666,1,0.6666666666666666,1,0.6666666666666666,1,-118,1.0,1.847457627118644,0.847457627118644
4,N.Reid o11.5 Pts,RoyalsProps,N.Reid,Y,14.0,Minnesota Timberwolves,Dallas Mavericks,1.0,0.6666666666666666,1,0.6666666666666666,1,0.6666666666666666,1,-125,1.0,1.8,0.8
5,J.Clarkson u13.5 Pts,TopShelfAction,J.Clarkson,N,21.0,Utah Jazz,Sacramento Kings,1.0,0.6666666666666666,1,0.6666666666666666,1,0.6666666666666666,1,-102,0.6,1.188235294117647,0.5882352941176471
6,K.Murray u15.5 Pts,boomerslocks,K.Murray,Y,14.0,Sacramento Kings,Utah Jazz,0.0,0.6666666666666666,1,0.6666666666666666,1,0.6666666666666666,1,-110,1.82,3.4745454545454546,1.6545454545454543
7,A.Edwards o26.5 Pts,the_degenerates,A.Edwards,Y,37.0,Minnesota Timberwolves,Dallas Mavericks,1.0,0.6666666666666666,1,0.6666666666666666,1,0.6666666666666666,1,-115,1.0,1.869565217391304,0.8695652173913042
8,N.Reid o12.5 Pts,RoyalsProps,N.Reid,Y,14.0,Minnesota Timberwolves,Dallas Mavericks,1.0,0.3333333333333333,0,0.3333333333333333,0,0.3333333333333333,0,-113,1.0,1.8849557522123888,0.8849557522123894
