,Unnamed: 0.2,Unnamed: 0.1,Unnamed: 0,Play,Expert,Odds,Units,Name,Teams,Opponent,Hmcrt_adv,Payout,Profit,All Game Percentages,All Game Correct,Last 5 Percentages,Last 5 Correct,Last 10 Percentages,Last 10 Correct
16,16,16,17,C.Thomas u26.5 Pts,cowhitchurch,-120,0.5,C.Thomas,Brooklyn Nets,Los Angeles Clippers,1,0.9166666666666669,0.4166666666666667,0.2857142857142857,0,0.4,0,0.2857142857142857,0
29,29,29,33,V.Wembanyama u19.5 Pts,GreenDotDaily,-120,0.83,V.Wembanyama,San Antonio Spurs,New York Knicks,0,1.5216666666666667,0.6916666666666668,0.5714285714285714,1,0.6,1,0.5714285714285714,1
32,32,32,36,V.Wembanyama u19.5 Pts,JoeDellera,-105,0.95,V.Wembanyama,San Antonio Spurs,New York Knicks,0,1.8547619047619048,0.9047619047619048,0.5714285714285714,1,0.6,1,0.5714285714285714,1
34,34,34,38,B.Ingram u24.5 Pts,PropBetGuy,-111,1.0,B.Ingram,New Orleans Pelicans,Minnesota Timberwolves,0,1.900900900900901,0.900900900900901,0.75,1,0.75,1,0.75,1
40,40,40,44,J.Jackson u23.5 Pts,JoeDellera,-125,0.5,J.Jackson,Memphis Grizzlies,Miami Heat,1,0.9,0.4,0.5714285714285714,1,0.4,0,0.5714285714285714,1
41,41,41,45,J.Jackson u23.5 Pts,SBK5065,-125,1.0,J.Jackson,Memphis Grizzlies,Miami Heat,1,1.8,0.8,0.5714285714285714,1,0.4,0,0.5714285714285714,1
42,42,42,46,D.Lively o8.5 Pts,the_degenerates,112,1.0,D.Lively,Dallas Mavericks,Toronto Raptors,1,2.12,1.12,0.5714285714285714,1,0.4,0,0.5714285714285714,1
50,50,50,55,M.Sasser o10.5 Pts,SBK5065,-110,0.5,M.Sasser,Detroit Pistons,Milwaukee Bucks,0,0.9545454545454546,0.4545454545454546,0.25,0,0.4,0,0.25,0
