,Play,Expert,Odds,Units,Name,Teams,Opponent,Hmcrt_adv,Payout,Profit,All Game Percentages,All Game Correct,Last 5 Percentages,Last 5 Correct,Last 10 Percentages,Last 10 Correct
6,A.Thompson o7.5 Rebs,PropBomb,-115,1.0,A.Thompson,Detroit Pistons,Philadelphia 76ers,1.0,1.869565217391304,0.8695652173913042,0.5555555555555556,1,0.4,0,0.5555555555555556,1
7,A.Thompson o7.5 Rebs,SBK5065,-115,0.5,A.Thompson,Detroit Pistons,Philadelphia 76ers,1.0,0.934782608695652,0.4347826086956521,0.5555555555555556,1,0.4,0,0.5555555555555556,1
8,A.Thompson o7.5 Rebs,Noto,-119,1.0,A.Thompson,Detroit Pistons,Philadelphia 76ers,1.0,1.8403361344537816,0.8403361344537816,0.5555555555555556,1,0.4,0,0.5555555555555556,1
9,T.Harris o5.5 Rebs,Noto,-145,1.45,T.Harris,Philadelphia 76ers,Detroit Pistons,0.0,2.45,1.0000000000000002,0.5714285714285714,1,0.6,1,0.5714285714285714,1
17,R.Gobert o11.5 Rebs,JoeDellera,-135,1.35,R.Gobert,Minnesota Timberwolves,San Antonio Spurs,0.0,2.35,1.0,0.8571428571428571,1,0.8,1,0.8571428571428571,1
5,K.Towns o8.5 Rebs,Noto,105,1.05,K.Towns,Minnesota Timberwolves,San Antonio Spurs,0.0,2.1525,1.1024999999999998,0.5714285714285714,1,0.4,0,0.5714285714285714,1
9,J.Collins o8.5 Rebs,cowhitchurch,105,0.5,J.Collins,Utah Jazz,Memphis Grizzlies,0.0,1.025,0.5249999999999999,0.6666666666666666,1,0.4,0,0.6666666666666666,1
