,Play,Expert,Team,Opponent,Hmcrt_adv,All Game Percentages,All Game Correct,Last 5 Percentages,Last 5 Correct,Last 10 Percentages,Last 10 Correct,Odds,Units,Payout,Profit,Name
13,K.Irving o29.5 Pts+Rebs+Ast,CeeJPicks,Dallas Mavericks,Minnesota Timberwolves,0,0.3333333333333333,0,0.3333333333333333,0,0.3333333333333333,0,-110,1.0,1.9090909090909087,0.9090909090909092,K.Irving
16,L.Doncic o45.5 Pts+Rebs+Ast,gneiffer07,Dallas Mavericks,Minnesota Timberwolves,0,0.6666666666666666,1,0.6666666666666666,1,0.6666666666666666,1,-110,1.1,2.1,1.0,L.Doncic
23,D.Sabonis o38.5 Pts+Rebs+Ast,kylemurray03,Sacramento Kings,Utah Jazz,0,0.3333333333333333,0,0.3333333333333333,0,0.3333333333333333,0,-120,1.0,1.8333333333333333,0.8333333333333335,D.Sabonis
24,D.Sabonis o37.5 Pts+Rebs+Ast,the_degenerates,Sacramento Kings,Utah Jazz,0,0.3333333333333333,0,0.3333333333333333,0,0.3333333333333333,0,-115,1.0,1.869565217391304,0.8695652173913042,D.Sabonis
29,D.Sabonis o37.5 Pts+Rebs+Ast,gneiffer07,Sacramento Kings,Utah Jazz,0,0.3333333333333333,0,0.3333333333333333,0,0.3333333333333333,0,-115,1.0,1.869565217391304,0.8695652173913042,D.Sabonis
33,C.Thomas o33.5 Pts+Rebs+Ast,JoeDellera,Brooklyn Nets,Denver Nuggets,1,0.6666666666666666,1,0.6666666666666666,1,0.6666666666666666,1,-110,1.0,1.9090909090909087,0.9090909090909092,C.Thomas
37,C.Braun o16.5 Pts+Rebs+Ast,Markus_Markets,Denver Nuggets,Brooklyn Nets,0,1.0,1,1.0,1,1.0,1,-105,0.95,1.8547619047619048,0.9047619047619048,C.Braun
