,Play,Expert,Team,Opponent,Hmcrt_adv,All Game Percentages,All Game Correct,Last 5 Percentages,Last 5 Correct,Last 10 Percentages,Last 10 Correct,Odds,Units,Payout,Profit,Name
1,H.Jones o9.5 Pts,TopShelfAction,New Orleans Pelicans,Golden State Warriors,0,0.3333333333333333,0,0.3333333333333333,0,0.3333333333333333,0,-102,0.6,1.188235294117647,0.5882352941176471,H.Jones
7,J.McDaniels o9.5 Pts,itsbucketsnba,Minnesota Timberwolves,Dallas Mavericks,1,0.0,0,0.0,0,0.0,0,-107,0.93,1.799158878504673,0.869158878504673,J.McDaniels
21,J.Clarkson u13.5 Pts,TopShelfAction,Utah Jazz,Sacramento Kings,1,0.6666666666666666,1,0.6666666666666666,1,0.6666666666666666,1,-102,0.6,1.188235294117647,0.5882352941176471,J.Clarkson
22,K.Murray u15.5 Pts,boomerslocks,Sacramento Kings,Utah Jazz,0,0.6666666666666666,1,0.6666666666666666,1,0.6666666666666666,1,-110,1.82,3.4745454545454546,1.6545454545454543,K.Murray
32,C.Braun u10.5 Pts,itsbucketsnba,Denver Nuggets,Brooklyn Nets,0,0.0,0,0.0,0,0.0,0,-115,1.0,1.869565217391304,0.8695652173913042,C.Braun
35,N.Claxton o9.5 Pts,MillyProps,Brooklyn Nets,Denver Nuggets,1,0.3333333333333333,0,0.3333333333333333,0,0.3333333333333333,0,-130,0.77,1.3623076923076922,0.5923076923076922,N.Claxton
