,Play,Expert,Team,Opponent,Hmcrt_adv,All Game Percentages,All Game Correct,Last 5 Percentages,Last 5 Correct,Last 10 Percentages,Last 10 Correct,Odds,Units,Payout,Profit,Name
5,J.Hawkins o12.5 Pts,therocketplays,New Orleans Pelicans,Golden State Warriors,0,1.0,1,1.0,1,1.0,1,-105,1.05,2.05,0.9999999999999998,J.Hawkins
6,J.Hawkins o12.5 Pts,FirefighterBets,New Orleans Pelicans,Golden State Warriors,0,1.0,1,1.0,1,1.0,1,-110,1.0,1.9090909090909087,0.9090909090909092,J.Hawkins
15,N.Reid o11.5 Pts,Mjaybrxd,Minnesota Timberwolves,Dallas Mavericks,1,0.6666666666666666,1,0.6666666666666666,1,0.6666666666666666,1,-120,0.83,1.5216666666666667,0.6916666666666668,N.Reid
17,N.Reid o11.5 Pts,sandyplashkes,Minnesota Timberwolves,Dallas Mavericks,1,0.6666666666666666,1,0.6666666666666666,1,0.6666666666666666,1,-118,1.0,1.847457627118644,0.847457627118644,N.Reid
18,N.Reid o11.5 Pts,RoyalsProps,Minnesota Timberwolves,Dallas Mavericks,1,0.6666666666666666,1,0.6666666666666666,1,0.6666666666666666,1,-125,1.0,1.8,0.8,N.Reid
21,J.Clarkson u13.5 Pts,TopShelfAction,Utah Jazz,Sacramento Kings,1,0.6666666666666666,1,0.6666666666666666,1,0.6666666666666666,1,-102,0.6,1.188235294117647,0.5882352941176471,J.Clarkson
22,K.Murray u15.5 Pts,boomerslocks,Sacramento Kings,Utah Jazz,0,0.6666666666666666,1,0.6666666666666666,1,0.6666666666666666,1,-110,1.82,3.4745454545454546,1.6545454545454543,K.Murray
