,Unnamed: 0.2,Unnamed: 0.1,Unnamed: 0,Play,Expert,Odds,Units,Name,Teams,Opponent,Hmcrt_adv,Payout,Profit,All Game Percentages,All Game Correct,Last 5 Percentages,Last 5 Correct,Last 10 Percentages,Last 10 Correct
0,0,0,0,T.Jones o7.5 Pts,MikeRandle,-130,0.77,T.Jones,San Antonio Spurs,Phoenix Suns,0,1.3623076923076922,0.5923076923076922,0.3333333333333333,0,0.3333333333333333,0,0.3333333333333333,0
6,6,6,6,E.Gordon o15.5 Pts,PropBetGuy,-120,1.0,E.Gordon,Phoenix Suns,San Antonio Spurs,1,1.8333333333333333,0.8333333333333335,0.3333333333333333,0,0.3333333333333333,0,0.3333333333333333,0
10,10,10,10,J.Brunson o22.5 Pts,Bettingyoda,-115,1.0,J.Brunson,New York Knicks,Cleveland Cavaliers,0,1.869565217391304,0.8695652173913042,0.3333333333333333,0,0.3333333333333333,0,0.3333333333333333,0
12,12,12,12,J.Brunson o21.5 Pts,JoeDellera,-120,1.0,J.Brunson,New York Knicks,Cleveland Cavaliers,0,1.8333333333333333,0.8333333333333335,0.3333333333333333,0,0.3333333333333333,0,0.3333333333333333,0
14,14,14,14,J.Suggs o9.5 Pts,charliedisturco,-115,0.5,J.Suggs,Orlando Magic,Los Angeles Clippers,0,0.934782608695652,0.4347826086956521,0.6666666666666666,1,0.6666666666666666,1,0.6666666666666666,1
